[
  {
    "id": 1,
    "priority": 1,
    "action": {
      "type": "redirect",
      "redirect": {
        "extensionPath": "/app/index.html"
      }
    },
    "condition": {
      "urlFilter": "ocjene.skole.hr",
      "resourceTypes": [
        "main_frame"
      ]
    }
  },
  {
    "id": 2,
    "priority": 1,
    "action": {
      "type": "modifyHeaders",
      "responseHeaders": [
        {
          "header": "x-frame-options",
          "operation": "remove"
        },
        {
          "header": "frame-options",
          "operation": "remove"
        }
      ]
    },
    "condition": {
      "resourceTypes": [
        "sub_frame"
      ],
	  "domains": ["bcnccmamhmcabokipgjechdeealcmdbe"]
    }
  }
]